Country Name,Indicator Name,1988,1989,1990,1991,1992,1993,1994,1995,1996,1997,1998,1999,2000,2001,2002,2003,2004,2005,2006,2007,2008,2009,2010,2011,2012,2013,2014,2015,2016,2017,2018,2019,2020,2021,2022
Afghanistan,GDP (current US$),,,,,,,,,,,,,,,3854235264,4539496563,5220825049,6226198935,6971383339,9715765105,10249770319,12154835708,15633843662,18190413832,20203572960,20564485419,20550582747,19998143636,18019554403,18896353156,18418860354,18904502222,20143451706,14583135237,
Albania,GDP (current US$),2051236250,2253090000,2028553750,1099559028,"652174990,8",1185315468,1880950858,2392764853,3199640826,2258513974,2545964541,3212121651,3480355258,3922100794,4348068242,5611496257,7184685782,8052077209,8896074996,10677324873,12881352878,12044205572,11926926654,12890760273,12319834233,12776224537,13228147516,11386853143,11861199831,13019726212,15156424062,15401826081,15162734205,17930565119,18882095518
Algeria,GDP (current US$),59089400190,55634719135,62048505222,45715676428,48003133347,49945585166,42543177031,41764291964,46941553940,48177612042,48187781711,48640671735,54790398813,54744698044,56760355865,67863850334,85332581189,103198211973,117027280692,134977082624,171000699877,137211004291,161207306305,200013097903,209059081828,209755003251,213809980721,165979224317,160034212613,170096989043,174910891124,171760290068,145743722826,163472233246,191912889421
Andorra,GDP (current US$),"721425971,8",795489464,1028989394,1106891025,1209992650,1007090915,1017544675,1178745314,1224023416,1180646068,1211953954,1239840270,1429048106,1546912332,1755989899,2361635782,2895047587,3159826892,3456265062,3952397735,4085781939,3674188229,3449925739,3629133575,3188652765,3193512950,3271685597,2789881259,2896610480,3000162081,3218419897,3155149348,2891001149,3325145407,3352032737
Angola,GDP (current US$),8769836769,10201780977,11229515599,12704558517,15114352005,11051939102,3390500000,5561222222,7526963964,7648377413,6506229607,6152922943,9129594819,8936079253,15285592487,17812704626,23552057820,36970901025,52381025105,65266415707,88538664888,70307196477,81699526881,109436566876,124998210652,133401582620,137244439121,87219300385,49840491178,68972769396,77792944472,69309110146,50241368244,65685435100,106713618735
Antigua and Barbuda,GDP (current US$),"398637727,8","438794788,5","459470370,4","481707407,4","499281481,5","535174074,1","589429629,6","577281481,5","633729629,6","680618518,5","727859259,3",766200000,"826370370,4","800481481,5","814381481,5","856396296,3","919729629,6",1022962963,1157662963,1312759259,1370070370,1228329630,1148700000,1137637037,1199948148,1181448148,1249733333,1336692593,1436585185,1467955556,1604770370,1675403704,1416348148,1560518519,1757603704
Argentina,GDP (current US$),126890235049,76629728760,141352630147,189719984268,228778994288,236741715015,257440000000,258031750000,272149750000,292859000000,298948250000,283523000000,284203750000,268696750000,97724004252,127586973492,164657930453,198737095012,232557260817,287530508431,361558037110,332976484578,423627422092,530158176674,545982375701,552025140252,526319673732,594749285413,557532317363,643628396190,524819898587,447754686715,385540406816,487227125386,632770284409
Armenia,GDP (current US$),,,2256838858,2069870130,1272835453,1201312829,1315158637,1468317435,1596968946,1639492445,1893726437,1845482173,1911563669,2118467913,2376335048,2807061009,3576615240,4900469515,6384452071,9206301264,11662040704,8647937091,9260285762,10142111812,10619320693,11121464430,11609513241,10553337528,10546136240,11527458713,12457940705,13619290546,12641698594,13861409969,19502783988
Aruba,GDP (current US$),"596648044,7","695530726,3","764804469,3","872067039,1","958659217,9",1083240223,1245810056,1320670391,1379888268,1531843575,1665363128,1722905028,1873184358,1896648045,1962011173,2044134078,2254748603,2359776536,2469832402,2677653631,2843016760,2553631285,2453631285,2637988827,2615083799,2727932961,2791061453,2963128492,2983798883,3092178771,3276187709,3395793855,2610038939,3126019385,
Australia,GDP (current US$),236152526239,299875825287,311430632641,325981640935,325532426233,312138139404,322809408509,368140778141,401310823653,435613768960,399660855999,389389647826,415844972940,379357823193,395573025330,467497961561,614326362214,695305000207,747907432137,854427259166,1055686110666,928629769752,1148569537285,1398456161408,1546952690140,1576329690004,1467589901175,1350580336317,1206562910557,1326467487376,1428266513154,1392218527563,1326944627877,1552703151616,1675418665067
Austria,GDP (current US$),133339397080,133105805512,166463386179,173794177961,195078126722,190379720809,203535242742,241038283063,237250948791,212790348405,218259904402,217259147050,197289625480,197508773215,214394866675,262273631180,301457562039,316092273276,336280064332,389185571506,432051935643,401758735822,392275107259,431685217368,409401816051,430190979706,442584815286,381971148531,395837353032,417261151845,454991174096,444621176101,435225238000,480368403893,471400066091
Azerbaijan,GDP (current US$),,,8858006042,5344000000,"444658671,6",1570392598,1193141110,2417332562,3176507992,3962362387,4446370371,4581246713,5272617196,5707618247,6236086669,7276413079,8680410158,13245421881,20981929498,33049426816,48851318826,44292408817,52909294792,65952763949,69679913510,74160553009,75239737489,53076244755,37867007023,40866632048,47112479289,48174235294,42693000000,54825411765,78721058824
"Bahamas, The",GDP (current US$),2817900000,3062000000,3166000000,3111160000,3109000000,3092000000,3259000000,3429000000,3609000000,6332360000,6833220000,7683870000,8076470000,8317830000,8881160000,8870090000,9055290000,9836200000,10167250000,10618340000,10526000000,9981960000,10095760000,10070450000,10720500000,10562800000,11176100000,11672900000,11750800000,12253500000,12653600000,13058700000,9754600000,11527600000,12897400000
Bahrain,GDP (current US$),3702393617,3863563830,4229787234,4616223404,4751063830,5200266107,5567553976,5849468273,6101861964,6349202985,6183777212,6621010739,9062898936,8976196809,9593510638,11074813830,13150159574,15968723404,18504760638,21730000000,25710904255,22938218085,25713271277,28776595745,30749308511,32539468085,33387712766,31050638298,32234973404,35473776596,37802005319,38653318085,34621807713,39303403989,44390820479
Bangladesh,GDP (current US$),26579005760,28781714764,31598341233,30957483950,31708874594,33166519418,33768660883,37939748769,46438484108,48244309133,49984559471,51270569884,53369787319,53991289844,54724081491,60158929188,65108544250,69442943089,71819083684,79611888213,91631278239,102477779060,115279077465,128637983883,133355819705,149990529208,172885432687,195078574089,265236389199,293754769935,321379163136,351238397264,373902196399,416264802185,460201000095
Barbados,GDP (current US$),1812757918,2006165167,2012131457,2020583702,1957000000,2063342117,2151344901,2216974096,2363645403,2498384130,2817083478,2951822205,3059500000,3054500000,3106500000,3209500000,3444500000,3819500000,4217450800,4674007450,4784925100,4465657300,4529928300,4657699450,4610096000,4677248300,4696344350,4724691200,4832811750,4981588900,5097283200,5324250000,4671800000,4843800000,5637914515
Belarus,GDP (current US$),,,21650000000,18000000000,17037037037,16280991736,14932024169,13972676841,14756846154,14128408566,15222012660,12138486532,12736856828,12354820144,14594928109,17825437483,23141593074,30210091837,36961822468,45275747157,60752177439,50873181572,57231904543,61762340943,65685903570,75527537703,78812785768,56454895055,47723549319,54725311690,60031163987,64410112583,61371755326,69673747132,72793457588
Belgium,GDP (current US$),162299103675,164221056511,205331747948,210510999409,234781652447,224721795709,244884129491,288025588396,279201433225,252708051421,258528339631,258245733221,236792460312,236746141604,258383599375,318082528507,369214712443,385714762230,408259840869,470922156309,517328087920,483254171098,481420882905,523330354138,496152879925,521791015247,535390200131,462335574841,476062757357,502764720556,543299066999,535865692402,525213067068,594351961634,578604103123
Belize,GDP (current US$),"320093360,3","369133890,7",549500000,599000000,693500000,751000000,771500000,818500000,851500000,868000000,914000000,975000000,1116000000,1163000000,1233000000,1298000000,1389500000,1461500000,1581000000,1696000000,1729000000,1680500000,1738500000,1819500000,1903000000,2029500000,2138000000,2210500000,2258500000,2286000000,2315000000,2416500000,2080000000,2491500000,2824081836
Benin,GDP (current US$),1620246085,1502294414,1959965330,1986437798,1695315306,2274558079,1598075945,2169627138,2361116448,2268301645,2455092688,3677393997,3519991440,3666222634,4194342689,5349258093,6190270377,6567654959,7034111316,8169048375,9787734517,9738626510,9535345011,10693321370,11141358106,12517845128,13284527850,11388160997,11821065852,12701655846,14262408080,14391686309,15651545209,17690083520,17401746309
Bermuda,GDP (current US$),1415100032,1501500032,1592400000,1634900000,1679900000,1820359900,1867160100,2030750000,2695390000,2932827000,3130748000,3324433000,3480219000,3680483000,3937228000,4186525000,4484703000,4868136000,6144000000,6767000000,6980000000,6656000000,6634526000,6312691000,6378188000,6465756000,6413988000,6654541000,6899911000,7142316000,7225977000,7423465000,6887147000,7127200000,7550500000
Bhutan,GDP (current US$),272298060,"264798626,2","287765007,1","240294282,5","240233528,1","225973695,3","258954703,9","290490986,8","303408342,8","352229078,3","363458380,9","399311196,4",424448931,"461479580,2","520846131,7","603999372,4","682577073,5",796938572,"874989734,7",1168307575,1227809261,1234015142,1547990907,1777102586,1781280170,1756214304,1907090362,2003596824,2158971718,2450366108,2446867582,2535655609,2325185521,2539551327,
Bolivia,GDP (current US$),4597612362,4715972853,4867582598,5343261960,5643869231,5734699041,5981223290,6715162199,7396948398,7925736319,8497494138,8285063959,8397855937,8141517339,7905485146,8082399991,8773451752,9549122313,11451845379,13120107739,16674276979,17339992194,19649724656,23963162969,27084497482,30659338886,32996188017,33000198249,33941126194,37508642171,40287647931,40895322851,36629843806,40408208524,43068885673
Bosnia and Herzegovina,GDP (current US$),,,,,,,1255802469,1866572954,2786045322,3671910026,4116775275,4686255381,5567774049,5800616572,6728219507,8498893358,10156541358,11222796197,12864842269,15778737117,19112801197,17613946109,17176320823,18644239028,17226736285,18179104549,18558731213,16404352156,17116926092,18326376394,20484048416,20482603346,20226030731,23649566069,24527507288
Botswana,GDP (current US$),2644554882,3083822367,3790636664,3942877354,4146464587,4160129175,4259258811,4730599691,4847757704,5020265168,4790481509,5484263050,5788329609,5489608300,5438864269,7511582173,8957467707,9918907108,9919158482,10567270656,10730828592,10118459714,12637273429,15110642876,13907464500,14271738367,15470087926,13530749290,15082636723,16105156376,17031943186,16725908662,14960291541,18737066307,20352322157
Brazil,GDP (current US$),307881930752,412990820287,464989098145,407729053019,390566561753,438299504463,546229749726,769333330440,850426432992,883206452833,863711007339,599642075039,655448188246,559983704076,509795270707,558233724161,669289321954,891633826583,1107626711436,1397114247288,1695855391816,1666996294325,2208838108593,2616156606735,2465228293863,2472819362259,2456043766064,1802211999556,1795693265824,2063514688762,1916933708404,1873288159001,1476107292037,1649622972159,1920095560995
Brunei,GDP (current US$),2690684125,2985531763,3520486980,3701774189,4183633796,4105729444,4087219773,4734103536,5115454694,5197312555,4051143193,4600117604,6001280944,5601020247,5843367180,6557395816,7872201251,9531417164,11470462365,12247680703,14393437610,10732592999,13707275498,18525128230,19048443089,18094326393,17097801092,12930292949,11400467372,12128182464,13567164445,13469240163,12005795915,14006497000,16681531646
Bulgaria,GDP (current US$),22555941176,21988444444,20632090909,10943548387,10350515464,10832228507,9697416974,18991531543,12294987876,11316126258,15031052201,13627325461,13245990274,14183443862,16403043850,21144962058,26157744753,29868651533,34380543845,44432811756,54480697770,52023813558,50754203891,57735709914,54290156342,55844245264,57159557805,50828088836,53987487124,59343060706,66399602077,68911930628,70404359049,84061395658,89040398406
Burkina Faso,GDP (current US$),2616040481,2615587730,3101300779,3135045586,3356692508,3199536460,1895290638,2379517976,2586550594,2447669100,2804902369,3389566711,2968370087,3190371080,3622350066,4740768141,5451688535,6146353177,6547419822,7625722829,9451435481,9450696866,10109619736,12080295985,12561015145,13444300490,13943016080,11832159316,12833363044,14106955625,15890066210,16178161666,17933606213,19737616003,18884619613
Burundi,GDP (current US$),1082403219,1113924130,1132101253,1167398478,1083037671,938632612,"925030590,2",1000428394,"869033856,3","972896267,9","893770739,5","808077223,4","870486065,9","876794723,1","825394519,7","784654423,6","915257323,4",1117113080,1273375078,1356199387,1611835857,1781455140,2032135191,2235820809,2333341334,2451606632,2705783330,3104003546,2644487777,2723586962,2667182199,2576518879,2649680261,2775798697,3073414678
Cambodia,GDP (current US$),,,,,,2533727592,2791435272,3441205693,3506695720,3443413389,3120425503,3517242477,3654031716,3984000517,4284028483,4658246918,5337833248,6293046162,7274595707,8639235913,10351914178,10401851767,11242275289,12829541141,14054443213,15227991395,16702610842,18049954289,20016747858,22177200589,24571753582,27089390033,25872797892,26961061152,29956769529
Cameroon,GDP (current US$),12236057370,11012566178,12314482630,11840192304,12071775346,16181814684,8902446258,10864772473,11093538841,10789458426,11298144999,11565826459,10566579295,10953485345,12417251342,15970315030,18826214125,19509852219,20910512978,23928250410,27715142006,27932970297,27507501809,30630910513,30155062303,33728621190,36386544716,32210233022,33814337041,36098547059,39973842059,39670976440,40773241212,45338285386,44341646509
Canada,GDP (current US$),509379677196,567225367034,596089064840,612513895513,594376087449,579059001031,579944346807,605941036992,630597987889,654987932557,633997734247,678409995712,744773415932,738962729045,760649334098,895540646635,1026690238278,1173108598779,1319264809591,1468820407783,1552989690722,1374625142157,1617343367486,1793326630175,1828366481522,1846597421835,1805749878440,1556508816217,1527994741907,1649265644244,1725297938436,1743725183673,1647598402303,2001486745424,2139840023674
Cape Verde,GDP (current US$),"264308140,3","267448570,3","306890961,2","319827058,6","357160985,3","490417389,7","406580652,3","487148993,5","501979271,9","490608657,9","521910560,5","592416703,1","539227277,6","563090488,9","620507385,7","813260468,9","924940012,9","972241682,1",1107571459,1649621735,1959620653,1852334581,1824751460,2046817975,1913081206,2028910915,2041930125,1749857628,1849789993,1996741545,2205099509,2266752197,1878277311,2091741774,2314816792
Cayman Islands,GDP (current US$),,,,,,,,,,,,,,,,,,,4200288282,4466278031,4585948969,4281714618,4156841164,4186073160,4291004486,4405796081,4562853582,4708167255,4909322200,5166281293,5530178499,5941896600,5647224973,6028373541,
Central African Republic,GDP (current US$),1264899288,1233930279,1440711459,1377374988,1411917554,1278781259,"851174357,3",1115389674,1007791127,"937741512,4","967338390,4","999477510,7","916777282,7","932648604,4","996068145,6",1142315522,1272360517,1337894380,1461859763,1699811293,1993407887,2067381664,2142591539,2437982707,2510126510,1691544111,1894813390,1695825714,1825018144,2072349974,2220979145,2221301351,2326720902,2516498412,2382618615
Chad,GDP (current US$),1482597299,1433686310,1738605558,1877137983,1881847671,1463251161,1179837964,1445919895,1607345355,1544689576,1744794532,1534673583,1388506772,1710843376,1997005710,2742815071,4422855658,6649307528,7428701455,8650137735,10393833755,9290728312,10668103549,12172308858,12367362746,12953534870,13940767222,10950392257,10097778097,10000394388,11239167890,11314951088,10715396051,11779981332,12704149842
Chile,GDP (current US$),26040052657,29885218682,33113525804,37835245156,45964855774,49298281356,57008877553,73446446283,78575020639,85728899954,81995749804,75596598517,78249883996,71517267768,70295232513,76507853876,99079365628,122314960844,153840051814,172565861849,179663390875,171412643624,217105434200,251224856981,267175870678,277239473854,259405194673,242496655712,249298706449,276364936832,295402646018,278493308134,254096103516,316713577509,301025249438
China,GDP (current US$),312353631208,347768051312,360857912566,383373318084,426915712716,444731282436,564321876346,734484863889,863749314719,961602019651,1029060706188,1094010482677,1211331627479,1339400843165,1470557565966,1660280610710,1955346808095,2285961242870,2752118542130,3550327569655,4594336785738,5101691085626,6087191720867,7551545321800,8532185615747,9570470577245,10475624783236,11061573199440,11233314018690,12310491176727,13894907485399,14279968485748,14687743556970,17820459342451,17963170521080
Colombia,GDP (current US$),39212550050,39540080200,47844090710,49637993949,58394443349,66474101329,81705497617,92495970511,97153389011,106656492325,98486358604,86278947621,99875074935,98200641189,97945812790,94644969146,117092416651,145600527536,161792959248,206229536758,242504150473,232468666665,286498534095,334966134865,370691143087,382093697078,381240864422,293492370229,282720100286,311866875136,334198218101,323031701211,270150956773,318511813577,343939445259
Comoros,GDP (current US$),"356500032,8","341476768,1",429622178,"424108769,1","457388651,9","452881475,1","319189184,3","398461796,7","396053806,4","364445600,1",370106746,"382454989,9","351136579,8","378512024,1","425964681,1","546885223,2","633706110,4","653845169,2","698431794,5","795673153,2","915659107,8",905341174,"907978731,7",1023086273,1015843491,1116224107,1149587660,"966029599,8",1012835493,1077439756,1188797450,1195019531,1225039196,1296089479,1242519407
"Congo, Dem. Rep.",GDP (current US$),8861299977,9021862775,9349764580,9625436873,8227343907,10706259937,5820382248,5643439376,5771454940,6090840548,6217806273,4711259427,19088046306,7438189100,8728038525,8937567060,10297483481,11964484458,14451901696,16737071816,19788515579,18648372545,21565721036,25839749199,29306235295,32679745036,35909040944,37917706486,37134801549,38019264805,47568210021,51775829869,48716961865,55350968593,58065953573
"Congo, Rep.",GDP (current US$),2212536313,2389593022,2798746051,2724853508,2933222706,2684323618,1769365439,2116003868,2540697538,2322719101,1949481381,2354772959,3227927697,2796704603,3034250926,3503723087,4656974938,6650001685,8072305031,8782703428,11649857662,9723299908,13148396206,15655383586,17692911281,17958720704,17912907682,11890259177,10219341017,11094823677,13670038020,12750338736,10483151094,13366230821,14615532210
Costa Rica,GDP (current US$),4614629898,5251025767,5711687787,7196276092,8564041895,9582868510,10486787030,11578594260,11678424507,12614602382,13684255947,14254866281,15013629659,15976174337,16578820687,17271760507,18610594846,20040642477,22715540324,26884700345,30801744881,30745714327,37658614803,42762613706,47231655433,50949668886,52016408924,56441920824,58847019585,60516044623,62420164965,64417670556,62395610764,64616482168,68380838316
Cote d'Ivoire,GDP (current US$),10255169812,9757410630,10795850585,10492628588,11152971284,11045760269,8313557515,11000146269,18071152821,18047558027,19619654770,18870992456,16577533892,16810537038,18054383334,21251754335,23510575669,24036918719,25281413268,28760090924,34078240260,33886813225,34936307964,36693710822,36302302844,42760235496,48843005625,45815005171,48407761032,52512344034,58522477745,59898479821,62982768372,71811075955,70018715017
Croatia,GDP (current US$),,,,,,,,22778305790,24147539210,24172608178,25885225294,23770159784,22128719418,23063323723,26757255952,35254833028,41855265955,45025328214,49532592593,59172904661,68342061762,61941466003,58693611581,62599775593,57231455635,59363124069,59214461630,50742086223,52391038979,55937483558,61330483610,61329267533,57624938982,68843674641,70964606465
Cuba,GDP (current US$),27458999472,27023468666,28645436569,24316556026,22085858243,22367254865,28448326757,30429803651,25017368700,25365908100,25736331200,28364615200,30565400000,31682400000,33590500000,35901200000,38203000000,42643836100,48835925926,54262870370,56302129630,57481481481,59562962963,68990000000,73141000000,77148000000,80656000000,87133000000,91370000000,96851000000,100050000000,103428000000,107352000000,,
Cyprus,GDP (current US$),4278792597,4563482604,5591130218,5770197348,6912150456,6590291048,7425703929,9933133247,10011918444,9547818700,10248617647,10497908306,9985844486,10397897086,11420227885,14547325028,17320552500,18433411267,20072786351,23968764030,27844698989,25945391775,25799940416,27641551809,25047433100,23959708956,23225912183,19909269065,21046452117,22946583376,25597301191,25945194240,25008266159,28408064462,28439052741
Czech Republic,GDP (current US$),,,40728950705,29859921159,34805013230,40866982340,47850065329,60145663259,67388492014,62180519006,66807498696,65173036731,61823494487,67808695574,82196206090,100090467581,119814667458,137143375920,156264210926,190184113270,236816948160,207434296805,209069940963,229562733399,208857719321,211685616593,209358834156,188033050460,196272068576,218628940952,249000540729,252548179965,245974558654,281791218507,290923534701
Denmark,GDP (current US$),115552417469,112409606610,138248216615,139225595727,152914810033,143194762032,156163573390,185007982281,187633263193,173538719989,176991230634,177964167947,164157842127,164791096044,178634843166,218096916362,251374821136,264466895451,282885978374,319423375611,353358901702,321243301145,321995279402,344003137611,327148943812,343584391648,352993631618,302673070847,313115929314,332121063806,356841216410,346498737962,355222449505,398303272764,395403906582
Djibouti,GDP (current US$),"395794538,6","409220087,1","452328087,3","462421998,5","478058304,9","466048469,2","491689220,7","497723960,6","494004647,7",502675542,"514267869,3","536080148,1","551230861,9","572417440,8","591122039,6","622044665,5","666072101,8","708633194,7",768873684,"847918929,1","999105339,3",1049110685,1128611700,1239144502,1353632942,2042817163,2214679081,2424391785,2604955229,2762581334,2913466732,3088853639,3181071154,3372287462,3515109075
Dominica,GDP (current US$),"171106184,1",185137243,"201429629,6",219762963,"234059259,3","245525925,9","264374074,1","274522222,2","292285185,2","302988888,9","322411111,1","331759259,3","333470370,4","340203703,7","333196296,3","343311111,1",367200000,"364255555,6","390251851,9","421374074,1","458188888,9","489074074,1","493825925,9","501025925,9","485996296,3","498296296,3","520207407,4",540737037,"576229629,6","521551851,9","554770370,4",611537037,"504214814,8","555266666,7","612048148,1"
Dominican Republic,GDP (current US$),5374300275,6686593060,7073675545,9824483368,11605382504,13081042400,14644734248,16637370839,18241622256,20017449966,21672215776,22136579527,24305781112,25601824419,27137441266,21403168128,22322387610,35777560475,37879829855,43965459071,48122601590,48261079524,53860187452,58029773802,60681535894,62682158700,67179956265,71164826720,75704647977,79998045976,85555390386,88941371980,78844655833,94243426487,113641857434
East Timor,GDP (current US$),,,,,,,,,,,,,367087900,477443500,469506700,490439100,440764600,462283600,453805100,542795400,648492700,726882400,881827800,1042411500,1160389600,1395519600,1447310400,1594447600,1650619400,1595724300,1563887900,2028551600,2158392500,3621222400,3163324631
Ecuador,GDP (current US$),13051886552,13890828708,15239278100,16988535268,18094238119,18938717359,22708673337,24432884442,25226393197,28162053027,27981896948,19645272636,18327764882,24468324000,28548945000,32432858000,36591661000,41507085000,46802044000,51007777000,61762635000,62519686000,69555367000,79276664000,87924544000,95129659000,101726331000,99290381000,99937696000,104295862000,107562008000,108108009000,99291124000,106165866000,115049476000
"Egypt, Arab Rep.",GDP (current US$),34980124929,39756299050,42978914311,37387836491,41855986519,46578631453,51897983393,60159245060,67629716981,78436578171,84828807556,90710704807,99838543960,96684636119,85146067416,80288461538,78782467532,89600665557,107426086957,130437828371,162818181818,189147005445,218983666062,235989672978,279116666667,288434108527,305595408895,329366576819,332441717791,248362771739,262588632527,318678815490,383817841547,424671765456,476747720365
El Salvador,GDP (current US$),4189880000,4372215300,4817542204,5252342400,5813399300,6680269200,7679384000,8921947100,9586327800,10221705900,10936669900,11284197000,11784927700,12282533600,12664190300,13243892200,13724810900,14698000000,15999890000,17011750000,17986890000,17601620000,18447920000,20283780000,21386150000,21990960000,22593470000,23438240000,24191430000,24979190000,26020850000,26881140000,24930080000,29451240000,32488720000
Eritrea,GDP (current US$),,,,,"477101651,6","467872714,8","531688311,7",578015625,"693535954,2","686490090,1","745523074,7","688918508,9","706370815,6","752371683,2","729321671,4","870248293,7",1109054005,1098424709,1211161880,1317974491,1380188800,1856695551,1589515447,2065001626,,,,,,,,,,,
Estonia,GDP (current US$),,,,,,,,4502970889,4786018988,5154420649,5674080543,5756912266,5686579748,6254649539,7367975888,9874013098,12145911801,14106790200,17022870405,22449129483,24341678629,19633031398,19523477326,23213994093,23019150071,25115753366,26634083965,22890762090,24072829277,26924385103,30624720196,31081901909,31370395573,37191166152,38100812959
Eswatini,GDP (current US$),"692026606,9","696921409,5",1114694112,1156135718,1284759852,1357189725,1419294121,1698989464,1602741772,1716714194,1576908809,1547888454,1738093757,1542477309,1432221784,2197598418,2770082792,3178112332,3291329938,3469381231,3294084181,3580427986,4438765109,4820478592,4886551706,4597552949,4422986447,4063245671,3816019223,4402969226,4666598024,4466214522,3982236726,4748702401,4854167638
Ethiopia(excludes Eritrea),GDP (current US$),10908935749,11476584879,12175166763,13463868357,10492993078,8830712714,6927950565,7663984568,8547939731,8589233420,7818205972,7700833482,8242349955,8231326016,7850809498,8623691300,10131187261,12401139454,15280861835,19707616773,27066912635,32437389116,29933790334,31952763089,43310721414,47648276190,55612228234,64589329345,74296745599,81770886909,84269196152,95912607970,107657734392,111261882913,126783472501
Faeroe Islands,GDP (current US$),,,,,,,,,,,1104744290,1127684827,1067109509,1160268142,1275093662,1501941505,1724770867,1759739599,2017680722,2339015385,2489873331,2296065313,2331796784,2505740886,2427200583,2690110671,2914012852,2573906036,2813278761,2980057168,3188601035,3275684065,3248670978,3649878680,
Fiji,GDP (current US$),1110009264,1182660000,1337017259,1383883719,1532411209,1636101247,1825732093,1970301019,2128696644,2090221137,1653146994,1936459986,1678219508,1652462063,1833279985,2300492002,2708078477,2980403465,3076305453,3378314600,3523185920,2870624636,3140167239,3779412255,3972028510,4189968870,4857103847,4682480304,4930213788,5353468388,5581425891,5481692622,4477030180,4296235428,4943248200
Finland,GDP (current US$),109058990760,119012054870,141438345514,127773856786,112532519246,89214114708,103299943085,134189814815,132129174217,126912152102,134038718291,135264083659,126019543413,129533107312,140404460203,171652458349,197479443979,204885494686,217089269792,256378067752,285716311137,253497520829,249424310817,275604356167,258290060228,271362405891,274862826772,234534382385,240771351299,255647979916,275708001768,268514916973,271886077382,296387625264,280825957768
Fm Sudan,GDP (current US$),14372555556,21408111111,33641222222,44171194366,7031933492,8881010081,12793798418,13830369852,9018303128,11681179571,11250220603,10682027635,12257299147,15716361539,18137126092,21355295732,26646007251,35182707174,45263824686,59440139775,64833088568,58315346841,74151157012,78402841445,63196236489,66027147865,76818773785,84984672416,102943515503,129718581297,32333780383,32338079165,27034593750,34229513775,51662241775
France,GDP (current US$),1018847043277,1025211803414,1269179616914,1269276828276,1401465923172,1322815612694,1393982750473,1601094756210,1605675086550,1452884917959,1503108739159,1493151737698,1365639660792,1377657339291,1501409382971,1844544792037,2119633181634,2196945232436,2320536221305,2660591246212,2930303780828,2700887366932,2645187882117,2865157541994,2683671716967,2811876903329,2855964488590,2439188643163,2472964344587,2595151045198,2790956878747,2728870246706,2639008701648,2957879759264,2782905325625
French Polynesia,GDP (current US$),2723496362,2731683490,3320159523,3410078974,3713785776,3544608541,3676123796,4186994271,4166072830,3762859109,3903186595,3911602000,3599845482,3573808551,3965405557,4927780605,5564109988,5705052111,5877997997,6631156411,7136741398,6584557942,6086644791,6203940049,5692858094,6031827089,6151996535,5325846342,5497036487,5833352684,6135116261,6022276207,5731835679,6080359305,
Gabon,GDP (current US$),3834503378,4186411457,5952293766,5402919788,5592390833,4378645081,4190819347,4958845649,5694040000,5326817111,4483417313,4662992036,5080483628,5023265411,5335451104,6511903364,7770219004,9582783997,10327598309,12455409575,15571348329,12113699059,14372593014,18210307754,17170464001,17595744804,18203966900,14383107763,14023890264,14929487496,16867326390,16874405460,15314577168,20217946921,21071739228
"Gambia, The",GDP (current US$),"266672202,5","284120331,6","317083688,2","690311093,2","714254263,1",755040935,746493955,"785999879,7","848239405,6","803633368,7","840285264,6","814724055,9",782913866,"687410630,5","578235309,3","487038679,4","961900640,7",1027701056,1054112488,1279703030,1561766956,1450142497,1543294945,1409693594,1415004743,1375609460,1229461732,1378176606,1484578897,1504909448,1670671340,1813609679,1812170878,2038414974,2273060863
Georgia,GDP (current US$),,,7753501868,6357615894,3690328964,2701181331,2514070772,2693768413,3095047604,3510520231,3613498183,2800026344,3057475335,3219462780,3395766678,3991377904,5125365192,6410912050,7745249284,10172933118,12795147992,10766919442,12243219360,15107482383,16488819133,17190068236,17627336228,14953675993,15141598623,16242647230,17596922470,17470436259,15842922533,18629365612,24605375420
Germany,GDP (current US$),1401233225303,1398967436804,1771671206876,1868945197407,2131571696932,2071323790370,2205074123177,2585792275147,2497244606187,2211989623280,2238990774703,2194945278873,1947981991012,1945790973803,2078484517475,2501640388482,2814353869359,2846864211175,2994703642024,3425578382922,3745264093617,3411261212652,3399667820000,3749314991051,3527143188785,3733804649549,3889093051023,3357585719352,3469853463946,3690849152518,3974443355020,3888226035921,3889668895300,4259934911822,4072191736090
Ghana,GDP (current US$),5197840973,5251764270,5889174834,6603130040,6416079342,5968905679,5446370115,6464389656,6932984636,6891433841,7482072380,7718110781,4982849054,5314871684,6166197192,7632720680,8881419348,10744562615,20885042153,24827333947,28679383241,26048726186,32197648061,39336668081,41271708600,62824629066,54783320577,49406014245,56164933479,60405920071,67298913752,68337974419,70043095503,79156409410,72838798788
Greece,GDP (current US$),76261277925,79169043223,97891092003,105143232380,116224672864,108809059156,116601801966,136878365936,145861612401,143157600150,144428172489,142588875294,130457756628,136309295225,154564203587,202370140236,240963562236,247875422204,273546728473,318902829551,355908689477,331308500253,297124961972,282995942007,242029307133,238907690051,235458133125,195683527003,193148146587,199844406014,212049447242,205257014892,188925995937,214873879834,219065872466
Greenland,GDP (current US$),"898607670,6","929799902,2",1018977225,1016500016,1037916105,"927214127,9",1005887592,1208953359,1197515638,1072154407,1149858127,1131555107,1068024994,1086170639,1169136691,1558759744,1822499871,1849802648,2013106817,2249811365,2499092396,2529964061,2503167187,2684461608,2609678695,2684947140,2842065877,2499113085,2707146783,2851610656,3055791341,2997331094,3082909158,3235816195,
Grenada,GDP (current US$),"236357523,7","267327642,2",278098763,"300757888,9","310160444,4","309812185,2","325111814,8","342172518,5","366911444,4","392190592,6","445903592,6","482009370,4","520044370,4","520444185,2","540336925,9","591018407,4","599118592,6","695555555,6","698700666,7","758683592,6",825976037,"771275555,6","771014814,8","778655555,6","799881481,5","842618518,5","911496296,3","997007407,4",1061640741,1125685185,1166514815,1213485185,1043411111,1122800000,1256413185
Guatemala,GDP (current US$),7841602824,8410724361,7650196277,9406135143,10440781588,11400018313,12983233687,14655404433,15674835615,17790026222,19395491993,18318412251,19288928616,18405221418,20444205991,21576351799,23577298589,26783388709,29744247479,33567850095,38503718527,37126146369,40676579265,46876004265,49593926849,52996447956,57852150565,62186064719,66053402745,71653756504,73328369926,77172313916,77715183063,86053079767,95003333381
Guinea,GDP (current US$),2384295815,2432029297,2666750820,3015058206,3284620422,3279096492,3383092770,3693710533,3868968366,3783700462,3588375622,3461282460,2995361112,2829435908,2950198724,3446441785,3635458214,2937071740,4220019243,6281917650,6964179188,6716904516,6853467833,6785137215,7638045226,8376613880,8778473643,8794202395,8595955601,10324668271,11857030366,13442861497,14177835841,16091817842,21227749389
Guinea-Bissau,GDP (current US$),"164458120,3","213143016,4","243961995,5","257150374,1","226313443,7","236880821,7","235620043,5","253966922,3","270419779,4","268551010,9","206457553,4","224446663,8",371095522,"392621389,5","417806651,1","477458577,2","532062894,8",587029096,"592365659,8",696910784,"868154627,9","830126428,8","849878489,1",1099818592,"989271155,1",1046087367,1054915581,1048229633,1179004911,1350177012,1504630234,1439638411,1431758232,1638517607,1633559092
Guyana,GDP (current US$),413799990,"379779389,7","396582263,3","348533094,8","373573141,5","454101382,5","540874934,2","621626785,9","705406001,4","749138009,6","717530683,2","694754988,3","712667896,7","712167448,9","726131434,7",743063949,"787814379,2","824880550,3",2379817987,2730971600,3025187428,3165663153,3432912511,3691384318,4063088529,4167800936,4127660158,4279840194,4482697337,4748174334,4787637006,5173760192,5471256595,8044498801,15357537068
Honduras,GDP (current US$),5902717091,5432344902,4923009552,4648668479,4943700431,4926728933,4642280682,5347445005,5215028986,5737099650,6366340266,6414520530,7186638029,7651162302,7858255253,8230391505,8869299234,9757012869,10917476874,12361257681,13881731631,14587496229,15839344592,17710275997,18528554861,18499729063,19756533658,20979791685,21717604581,23136248046,24067750466,25089937109,23827859695,28488721296,31717700115
"Hong Kong, China",GDP (current US$),59707404561,68790222118,76928784621,88960001716,104272503149,120354207289,135811776884,144652289131,159718180109,177353167214,168885436392,165768095392,171668898539,169404327617,166348873241,161385558802,169099768875,181569303960,193535434591,211596953545,219278739753,214047795659,228638678537,248513617677,262628877166,275696879835,291459983450,309385622601,320860317563,341273289534,361731070996,363074560517,344943149590,368911387845,359838598806
Hungary,GDP (current US$),,,,34753569693,38730585922,40124916941,43166678735,46425677734,46658765340,47296961369,48706794879,49073373276,47218411470,53749989092,67608919144,85285075492,104120803140,113211158293,115715618613,140186691234,158325583918,131069277213,132175349954,141942264554,128814279315,135684315698,141033843266,125174166987,128609822750,143112196040,160565642984,164020460332,157227094449,182275444032,178788572068
Iceland,GDP (current US$),6106638182,5672570278,6468739130,6909725408,7080977636,6218583218,6389462322,7123637089,7426082271,7569673904,8503689104,8982048417,9025660362,8234846523,9318398444,11429335645,13825309101,16852971987,17465318552,21652505597,18074619562,13154416197,13751161918,15221622926,14751508134,16125060515,17867662178,17517210519,20793168031,24728285177,26260850582,24663643102,21553080484,25552639899,27841648044
India,GDP (current US$),296589677725,296042058867,320979026420,270105341879,288208066641,279295644530,327275583540,360281907855,392896860671,415867567334,421351318897,458820417338,468394937262,485441014539,514937948870,607699285434,709148514805,820381595513,940259888792,1216736448906,1198895147695,1341888016989,1675615502766,1823051829895,1827637579585,1856721494835,2039126469963,2103588347242,2294796889945,2651474263257,2702929639862,2835606242052,2671595389576,3150306834280,3385089881935
Indonesia,GDP (current US$),84300174476,94451427898,106140727357,116621996217,128026966580,158006700302,176892143932,202132028723,227369679375,215748998610,95445547873,140001351215,165021012078,160446947785,195660611165,234772463824,256836875295,285868619206,364570515632,432216737775,510228634992,539580085612,755094157594,892969104529,917869913365,912524136718,890814755511,860854232718,931877364034,1015618744168,1042271532953,1119099871386,1059054842712,1186505455721,1319100220389
"Iran, Islamic Rep.",GDP (current US$),123057861334,120496362916,124813263926,,,63743623232,71841461173,96419225744,120403931885,113919163421,110276913363,113848450088,109591707802,126878750296,128626917504,153544751395,190043433965,226452138292,266298911661,349881601459,412336172447,416397025729,486807616897,626133112211,644035512199,492775566435,460382791489,408212917872,457954614595,486630147095,327900695066,283649531543,239735486746,359096907773,388544468140
Iraq,GDP (current US$),62684516129,65831935484,180408064516,"407796349,7","553671957,7",1031944881,3991349283,12894029888,10433698621,20764857056,20617405044,36881601584,48364250944,36176430129,32928454672,21921569479,36627901762,49954890353,65140147197,88837055195,131614433712,111657581662,138516722650,185749664444,218002481738,234637675129,228415656175,166774104911,166602488748,187217660051,227367469034,233636097800,180924091443,207691599310,264182173793
Ireland,GDP (current US$),37772896221,39238392678,49305632408,49787501584,55918538121,52417477614,57097656066,69139823232,75790786290,82856648758,90199410116,98893958263,100207610430,109346669230,128596035288,164670771260,194372115041,211876989656,232180617162,270079279420,275447471451,236443115854,221913560882,239003132208,225628699653,238340859897,259170903648,291775166507,299091127525,336377500161,385736680797,399321701632,425852281928,504182603276,529244870223
Israel,GDP (current US$),,,,,,,,104893245479,114507654661,118861100787,120057482023,120922450570,136034659581,134637422753,125059962958,131298954869,139973668874,147083996034,158670160184,184052885586,220529762562,211968128528,238364092298,266791854431,262282344092,297732778479,314330061977,303414276832,322102790387,358245427459,376691526553,402470513619,413267669232,488526545879,522033446212
Italy,GDP (current US$),891608957156,928661332204,1181222653523,1246220156079,1320161644933,1064958075551,1099216688281,1174662070605,1312426527795,1241879604366,1270052525928,1252446659834,1146676894210,1168023426056,1276769338449,1577621707051,1806542968546,1858217147204,1949551719390,2213102482751,2408655348719,2199928804119,2136099955237,2294994296590,2086957656822,2141924094299,2162009615997,1836637711061,1877071687634,1961796197354,2091932426267,2011302198827,1897210466668,2114355756914,2010431598465
Jamaica,GDP (current US$),3828342704,4404938109,4592208087,4106207649,3535460090,5440075676,5452558892,6577520705,7393891854,8400041803,8787195622,8887058073,9005064475,9194727831,9719009562,9430234852,10174664854,11243865788,11930179173,12799600075,13709401444,12120458141,13220549858,14444661488,14807086491,14264205124,13899225340,14188938781,14077105503,14808984881,15730791526,15830766372,13812421859,14657586359,17097760745
Japan,GDP (current US$),3071683812150,3054913797217,3132817652848,3584420964070,3908808434705,4454144444408,4998797262443,5545564892181,4923393495139,4492449998032,4098362688659,4635982020565,4968359152796,4374709984220,4182845406489,4519563042184,4893116005657,4831466523976,4601662661030,4579749785985,5106679413138,5289493734900,5759071769013,6233147172341,6272362996105,5212328181166,4896994405353,4444930651964,5003677627544,4930837369151,5040880939325,5117993853017,5048789595589,5005536736792,4231141201863
Jordan,GDP (current US$),6277443443,4221374898,4160089597,4344468257,5310830590,5606401570,6236295978,6727597032,6927503526,7245839210,7912270804,8149929478,8460789845,8975812449,9582512831,10195627645,11411706629,12588998590,15056981664,17110442867,22658730357,24537876056,27133804225,29524149155,31634561690,34454440141,36847643521,38587017887,39892551127,41608435915,43370860704,44503005775,43579916197,45116317042,47451499859
Kazakhstan,GDP (current US$),,,26932729103,24923076923,24917355372,23409260880,21250792886,20374302652,21035357833,22165932063,22135245413,16870817135,18291990619,22152689130,24636598581,30833692831,43151647003,57123671734,81003864916,104849915344,133441649222,115308687202,148047348241,192626464179,207998568866,236634603928,221415614007,184388404429,137278320084,166805788967,179339977517,181667185041,171082365723,197112255361,220623001967
Kenya,GDP (current US$),8355380879,8283114648,8572359163,8151488882,8209120678,5751786610,7148148564,9046320197,12045865466,13115764433,14093998844,12896010520,12705350153,12986007426,13147736954,14904517650,16095337094,18737895401,25825512278,31958195182,35895153328,42347217913,45405615233,46869473166,56396704833,61671440481,68285796663,70120446664,74815143796,82036511259,92202979941,100378435824,100657505601,109703659313,113420008179
Kiribati,GDP (current US$),"44534439,32","44282893,89","42933307,66","47516824,01","47736260,83","46920900,88","54834548,93","56336670,91","66517285,36","67538482,09","65333678,15","69034484,98","67253134,61","63099885,31","72197928,62","90231027,78","102370615,2","112136227,8","110237144,5","132674795,9","141045173,6","132421058,9","155305532,9","180672664,8","189629948,8","184543103,7","177868153,1","170292283,2","178507958,1","188540699,1","196501504,2","175181684,8","177553260,1","227610034,8","223352943,2"
"Korea, Rep.",GDP (current US$),199590823957,246927292765,283367525715,330648530715,355525267405,392666101885,463617399963,566583427334,610169556840,569754543830,383330931042,497512659612,576178114168,547658231280,627246081417,702717332013,793175007858,934901101762,1053216892422,1172614134912,1047339041904,943941876219,1144066965324,1253223044719,1278427634343,1370795199976,1484318219634,1465773245547,1500111596236,1623901496836,1724845615629,1651422932448,1644312785467,1810955871381,1665245538595
Kuwait,GDP (current US$),20690303615,24313821169,18427777778,11010010088,19858555215,23941391391,24848483838,27187006077,31492419238,30350207213,25943736431,30122398833,37718794714,34889597791,38135756834,47874659168,59439090601,80798630137,101557251977,114634060167,147379536212,105968538480,115416745329,154079870425,174048271288,174167626657,162650191195,114585567440,109406169163,120687635952,138202309919,136191752591,105948765156,136797422274,184558274289
Kyrgyz Republic,GDP (current US$),,,2675000000,2569444444,2316562500,2028295455,1681006993,1661018519,1827570586,1767864036,1645963750,1249061487,1369688498,1525116370,1605643105,1919008090,2211534585,2460246796,2834168893,3802570572,5139958956,4690061344,4794361821,6197765942,6605142864,7335033799,7468102369,6678177483,6813095396,7702938395,8271106196,8871019823,7780873259,8740681889,10930644915
Lao PDR,GDP (current US$),"598961269,3","714046821,1","865559879,3",1028087972,1127806945,1327748690,1543606345,1763536305,1873671550,1747011857,1280177839,1454430642,1731198022,1768619058,1758176653,2023324407,2366398120,2735558735,3455031448,4223152219,5446434032,5836138127,7131773633,8750107402,10192848926,11983252627,13279248479,14426381187,15912495369,17071162084,18141651381,18740559554,18981800705,18827148530,15724383783
Latvia,GDP (current US$),,,,,,,,5789128637,5975248851,6527926446,7166275468,7533788134,7958852839,8362398702,9557031605,11771975157,14435700533,17003459863,21570076499,31054350978,35854274229,26410909091,23956163077,27474380566,28169902669,30204783462,31386896487,27263090547,28083597512,30483806018,34429023435,34343961073,34601740323,39725383601,41153912663
Lebanon,GDP (current US$),3313540068,2717998688,2838485354,4690415093,5843579161,7941744492,9599127050,11718795528,13690217333,15751867489,17247179006,17391056369,17260364842,17649751244,19152238806,20082918740,21159827992,21497336499,22022709852,24827355015,29118916106,35399582929,38443907042,39927125961,44016799516,46880103081,48095213746,49929337837,51147308774,53027680686,54901519156,51605959131,31712128254,23131941557,
Lesotho,GDP (current US$),"470395904,1","495409138,2","596410302,2","704325366,7","831029813,1",835582169,"878250862,8",1001894000,"946112456,2","998004330,9","928460865,1","912773656,2","887291645,3","825706961,2","775777263,1",1157825409,1511236656,1682343439,1800092519,1682025303,1766820422,1740835820,2234731974,2579421686,2477702253,2367113170,2441063169,2359754088,2114426469,2306741599,2556247156,2436029588,2117736528,2373416269,2553459763
Libya,GDP (current US$),,,28904164239,31991785108,33887005288,30660029871,28610532505,25541383197,27884630118,30700890193,27251275903,35975878804,38270983032,34112079629,20481889764,26265625000,33122307692,47334697612,60094248772,68032985520,86710739535,60808538330,75380800664,48169243832,92540964666,75351117628,57372352562,48717506273,49912085228,67157451660,76686048499,69254143968,46808208747,39798423941,45752336036
Lithuania,GDP (current US$),,,,,,,,7867140395,8382519637,10118631852,11239547691,10971583945,11524776867,12237388002,14259781159,18781721376,22627507452,26097677572,30183575104,39697891352,47797551588,37388122046,37128694028,43535051482,42927454291,46523420074,48533659592,41435533340,43047309306,47758736932,53751411409,54760617013,56914826861,66414994992,70334299008
Luxembourg,GDP (current US$),9418167855,10037674038,12778792854,13834219728,15518702635,15925521222,17701798891,20853093870,20895314658,19563836265,20150053345,21899317599,21230182989,21387533703,23649833332,29667268248,35064843793,37672280120,42910146296,51587401416,58844277702,54467289898,56213985987,61696281326,59776383527,65203276467,68804811898,60071584216,62216885436,65712180343,71000359760,69825641851,73992591285,85506243834,82274812251
Macao,GDP (current US$),2288761917,2705665380,3246481368,3765249711,4914365395,5665606115,6311207516,7046147442,7176892950,7267571196,6797792474,6547670439,6774193548,6860272608,7371692469,8246479395,10643253443,12160056755,14874098382,18439981804,21027018551,21587786005,28241799668,36845887225,43189724080,51536592939,54902831794,45048188248,45070807280,50440935654,55284309690,55204961000,25459685020,30123795337,21979475561
Madagascar,GDP (current US$),3189456961,3175638333,3931334871,3254713056,3714966675,4063298919,3522227094,3838100902,4931861037,4262965421,4401967634,4277903780,4629247205,5438332601,5351701665,6372498891,5064732625,5859269752,6395712492,8524620891,10725137722,9616879408,9982711338,11551819618,11578975064,12423555457,12522957401,11323020700,11848613860,13176313594,13760033283,14104664678,13051441203,14554754115,14954967604
Malawi,GDP (current US$),2008189639,2314204990,2737088196,3206784402,2618837532,3013392430,1719864761,2033701542,3319573822,3875785863,2547609563,2584478944,2537307566,2498008653,5087328438,4669789300,5058726350,5320409651,5818279739,6451210219,7743617352,9009887947,10128323011,11648142958,8773203178,8031571928,8801326169,9219474373,7909868618,8943543677,9880675786,11025371147,12056108780,12602334124,13164667627
Malaysia,GDP (current US$),35272104731,38847970073,44024585240,49143148094,59167550163,66894966969,74478356958,88705342903,100855393910,100005323302,72167498981,79148421053,93789736842,92783947368,100845526316,110202368421,124749473684,143534418452,162692260155,193549547955,230811591307,202257458161,255017645207,297951667650,314443061220,323276281683,338066121289,301354783699,301255332137,319109103242,358788833525,365177744321,337339463180,372981073018,406305924656
Maldives,GDP (current US$),"168514513,4","189514434,2","215043969,8","244396761,9",284875818,"322417837,2","356014932,1",398988955,450382328,"508223602,4","540096397,6","589239753,6","624337145,3","870031653,1",897031250,1052121055,1226829563,1163362438,1575200391,1868383461,2271646188,2345294875,2588176055,2774350163,2886163938,3295009231,3697353155,4109416450,4379134273,4754185599,5300949823,5609385434,3746329358,5405557162,6189865408
Mali,GDP (current US$),2169040605,2181821906,2681912149,2724131460,2830673381,2818281080,2081846499,2706425158,2780422048,2697105822,2920358713,3440724708,2961484954,3468337941,3908121310,4714071978,5454249123,6247515892,6905934219,8156468818,9838403091,10231962383,10689168011,12995112698,12442035328,13242690790,14364937128,13104764379,14026048334,15365713059,17070867578,17280250805,17465392779,19309463506,18827176532
Malta,GDP (current US$),2019474244,2118574772,2547163582,2750041434,3021910217,2709178327,2998570147,3461332685,3585755121,3722389056,3958227428,4155187258,4323339212,4355146428,4693495693,5489359281,6116591928,6407287651,6778321415,7925403778,9090376446,8696304529,9035819657,9638733344,9461826174,10550968139,11625843214,11091467514,11667976403,13489296992,15298004130,15881258056,15046136935,17743376199,17765270015
Mauritania,GDP (current US$),1414951227,1450647019,1506914408,2133692610,2164298425,1847353160,1944876755,2091726048,2132087061,2071996519,2032347629,1985922807,1779520862,1746063580,1777057503,2051147607,2362501023,2936019526,3919577286,4346212411,5206437121,4714595488,5628878866,6764627666,6728208836,7223071177,6592537782,6166863960,6398741856,6800138755,7473550557,8066118984,8405498736,9996240419,10375460680
Mauritius,GDP (current US$),2134513097,2181935024,2653485952,2856889160,3224265821,3263363787,3558143644,4040342060,4421952123,4187375887,4169672975,4343708896,4663321022,4613637222,4841310240,5816559039,6578840499,6488743120,7028810755,8150150144,9990356849,9128843109,10003670690,11518413430,11668696526,12292974008,13074130094,12007291046,12594155346,13713505998,14735695931,14436347115,11401040996,11476433604,12898307089
Mexico,GDP (current US$),181611150497,221403143240,261253660212,313139656146,363157793810,500733386970,527810631731,360072506961,410972976953,500416010942,526499723362,600233031001,707909864022,756702925694,772109710671,729335024013,782242912348,877476892365,975383402913,1052697085016,1109987401386,900047015738,1057800597974,1180487226407,1201093787127,1274443916252,1315356131262,1171870072963,1078493059307,1158912015259,1222405556421,1269009571611,1090514966786,1272838810896,1414187193992
"Micronesia, Fed. Sts.",GDP (current US$),124700000,135200000,147200000,166200000,178100000,198400000,202500000,221575300,218534700,206626300,218873100,220140500,233271800,240970900,242517200,245432900,240236000,250281900,253541900,256787200,263145100,280284600,296944100,311301600,327248700,317214400,319271200,316489900,332265200,366666800,401932300,412000000,408000000,404028900,"427094119,1"
Moldova,GDP (current US$),,,,,,,,1752979926,1695122174,1930081169,1698717505,1170782957,1288429392,1480673594,1661818168,1980907435,2598249556,2988342907,3408255364,4401173162,6054824433,5439434059,6974982391,8414351672,8709138767,9496717701,9399833207,7798692878,7982450758,9519053158,11253727815,11735774634,11531967881,13692230147,14420947884
Mongolia,GDP (current US$),3204461567,3576966800,2560785660,2379018326,1317611864,"768401634,2","925817092,2",1452165005,1345719472,1180934203,1124440204,1057408589,1136896124,1267997934,1396555720,1595297356,1992066808,2523471602,3414055663,4234999703,5623216610,4583850368,7189482001,10409797375,12292770631,12582122604,12226514666,11619892593,11181350649,11480847740,13178094720,14206359016,13312981427,15286441740,16810883361
Montenegro,GDP (current US$),,,,,,,,,,,,,"984292969,9",1159869246,1284685051,1707710053,2073234418,2257174481,2721903149,3680711744,4545674528,4159330370,4142983898,4544429063,4087525609,4465771673,4593852089,4054728173,4376929572,4856602179,5506944403,5542053845,4769995512,5861430526,6095978868
Morocco,GDP (current US$),25705296184,26314313191,30179955996,32285573574,33711069431,31655473664,35604137423,39030285468,43161572353,39147844526,46497609536,46266427863,43017455401,43831480206,47077192184,58029361339,66114147932,68852655480,75883820424,86947909745,101822906946,101154952243,100865325482,110080631330,106937397478,115739288447,119130845829,110413820681,111572946647,118540574728,127341141871,128920265076,121347533650,142866583125,134181587770
Mozambique,GDP (current US$),,,,3633488385,2640001311,2729524758,2796555381,2899912130,3856799844,4648838896,5263884908,5976402586,5656473652,5398557896,5677013629,6303399758,7631106171,8542083074,9176896597,10450826527,12556173243,11914471513,11104649065,14381552467,16350813487,16974314296,17716091057,15950979333,11936993087,13219079498,14845400593,15390031040,14156864916,15776757420,17851491428
Myanmar,GDP (current US$),1392547743,1674823311,2036373523,2137184858,2216072577,2809748387,3821535780,4879257848,5759624742,5633070603,4613071495,5643818689,6849321646,6220270632,6110632858,7754647428,9390855298,10588433069,11863016315,15591182545,23013015832,29455165595,37796052939,54118601975,58318677645,60572257122,63264892768,63045306514,60291738935,61449391917,67144726168,68697761477,78930259069,65124769602,59364362541
Namibia,GDP (current US$),2495095295,2535135314,2789922033,2996869281,3429521499,3251189248,3666503185,3978514206,3989163042,4154990251,3873109749,3868551625,3922231976,3557341284,3349169932,4926439275,6609206506,7248375217,8001779551,8839536894,8607431845,8938847364,11431412421,12523359441,13042053857,12043307277,12435430396,11335161230,10722018975,12895153160,13682019172,12541928103,10583748757,12446290855,12607436976
Nepal,GDP (current US$),3487009748,3525225833,3627560282,3921476085,3401211581,3660041667,4066775510,4401104418,4521580381,4918691917,4856255044,5033642384,5494252208,6007055042,6050875807,6330473097,7273938315,8130258415,9043715356,10325618017,12545438605,12854985464,16002656434,21573872274,21703100747,22162205046,22731612827,24360801338,24524109485,28971588881,33111525183,34186180695,33433659223,36924841430,40828247302
Netherlands,GDP (current US$),261910508418,258336705809,318330511921,327500327676,362962872180,353550169673,379130260322,452301674444,450490196078,416812740005,438008220395,447049523050,417479337445,431586852370,473861980071,580070360702,658380081545,685348181516,733955269899,848558887541,951869997864,871518638049,847380859017,905270626333,838923319920,877172824535,892167986714,765572770634,784060430240,833869641687,914043438180,910194347569,909793466661,1011798853062,991114635529
New Caledonia,GDP (current US$),2072775508,2185082944,2529440424,2653780677,2923883290,2822243775,3038728391,3628440524,3606968436,3291131295,3556304834,3647802046,3420032042,3297734886,3740056752,4915353826,5895008985,6238629462,6979155408,8819917187,9067619729,8704438061,9364350065,10351448025,9659151909,10151382877,10635035550,8738203042,8724568971,9173670000,9896402295,9475655342,9454629451,10071349707,
New Zealand,GDP (current US$),45176423606,43920222525,45495129385,42744828653,41649386970,46775038749,55313381443,63916899264,70140835299,66073130218,56226503976,58762260626,52622954599,53872463497,66627729311,88250885550,103905628689,114720129550,111538810713,137188946866,133131369930,121373602349,146517541181,168291357112,176206659723,190906575136,201313497221,178064471138,188838342528,206556258845,211886686924,213091987153,212569779570,255551704626,247234053739
Nicaragua,GDP (current US$),2630900096,1013184756,1009455476,1488804124,1792800000,1756454248,3863185119,4140470000,4308351903,4389973335,4635267225,4855717875,5107329007,5323146566,5224213018,5322454926,5795568205,6321324455,6763418646,7423365275,8496948184,8298736471,8758619131,9774320144,10531980451,10982954744,11880433903,12756722238,13286066155,13785890939,13025266513,12699028890,12678162359,14145852101,15671583878
Niger,GDP (current US$),2280356194,2179567111,3512356508,3285796877,3386232582,3052673844,1938058176,2302537563,2405686939,2290318909,2643363521,2537789819,2241753193,2448714703,2782192881,3394084731,3760443735,4383315967,4756361253,5731485046,7297600219,7352131304,7851192499,8772950783,9426912639,10224897441,10862943546,9683867927,10398861981,11185101444,12808661487,12916454871,13744174582,14915002098,13969605583
Nigeria,GDP (current US$),49648470440,44003061108,54035795388,49118434950,47794954192,27752204787,33833043778,44062465418,51075815093,54457835603,54604050168,59372679433,69448962761,74030562270,95054094655,104738980157,135764715375,175670536601,238454952232,278260808841,339476215684,295008767295,366990528103,414466540787,463971000389,520117163618,574183825592,493026782402,404649048648,375745732275,421739210176,474517470743,432198936002,440833583992,477386120636
North Macedonia,GDP (current US$),,,4699646643,4938775510,2436849342,2682456897,3559608613,4707041274,4642021256,3912986091,3765745000,3863619262,3772859053,3709636012,4018365768,4946296569,5682784433,6258602830,6861227018,8336475036,9909552356,9401736825,9407170389,10494626768,9745261301,10817702424,11362265294,10064519963,10672467073,11307067001,12683068033,12606338449,12363580535,13825049832,13563132057
Norway,GDP (current US$),101900521458,102633934391,119791045690,121871665528,130838022523,120578717966,127131604641,152030652228,163519897878,161356612879,154230346261,162384295939,171456390282,174240242225,195915371988,229384929369,265267350723,309978579744,346913357588,402645550185,464917553191,387974344023,431052143940,501360549669,512777309841,526014468085,501736471833,388159512246,370956547619,401745275035,439788625884,408742840909,367633418887,490293364377,579267365866
Occ.Pal.Terr,GDP (current US$),,,,,,,2843300000,3282800000,3409600000,3759800000,4067800000,4271200000,4313600000,4003700000,3555800000,3968000000,4603100000,5125700000,5348300000,5815700000,7310400000,8085700000,9681500000,11186100000,12208400000,13515500000,13989700000,13972400000,15405400000,16128000000,16276600000,17133500000,15531700000,18109000000,19111900000
Oman,GDP (current US$),8386215865,9372171651,11685045514,11341482445,12452275683,12493107932,12918855657,13802600780,15277763329,15837451235,13996914694,15593456177,19507452536,19452000520,20142756047,21633708192,24763712874,31081991678,37215779714,42085379454,60905452536,48388363589,64993498049,77497529259,87408842653,89936020806,92699089727,78710793238,75128738622,80856697009,91505851756,88060858257,75909397659,88191977373,114667360208
Pakistan,GDP (current US$),38472742808,40171105580,40010423970,45625336680,48884672605,51809999353,52293471393,60636071684,63320170084,62433340468,62191955814,62973856844,82017743416,79484403985,79904985385,91760542940,107759683863,120055291993,137264061106,152385716312,170077814106,168152775283,177165547829,213587517188,224383544087,231218467670,244360858683,270556104886,313629998960,339205536454,356128167703,320909472926,300425609206,348262544719,376532751807
Palau,GDP (current US$),,,,,,,,,,,,,146297500,156907900,163184900,153963200,165186200,190452900,192382400,198897700,198283900,187522800,185943000,196911100,212397800,221117200,241669800,280457700,298300000,285600000,284900000,278900000,251900000,217800000,
Panama,GDP (current US$),5902783400,5918469800,6433967000,7074675500,8042337700,8782585400,9365289800,9573813700,9870494000,10677286100,11575486400,12130252200,12304115000,12502013400,12994310400,13693981200,15013381700,16374393900,18141666300,21295984200,25155888600,27116635600,29440287600,34686224300,40429700000,45599900000,49921400000,54091800000,57907700000,62202700000,67294169235,69721787533,57086836942,67406738052,76522511781
Papua New Guinea,GDP (current US$),3656179989,3546470501,3219730365,3787394958,4377980510,4974550286,5502786070,4636057476,5155311077,4936615299,3789443015,3477038204,3521339699,3081024212,2999511040,3536411824,3927157867,4865892972,8354911622,9545029481,11670891360,11619455043,14250785801,17985138450,21295165201,21261338065,23210823987,21723439626,20758874953,22742696408,24109780113,24751069238,23848442440,26311656000,30633444295
Paraguay,GDP (current US$),4255683528,4757732200,5812114523,6984367763,7157424031,7249533620,7870982005,9062131475,9788391781,9965225678,9260481572,8837070236,8855705140,8495806432,7196260657,7691367471,9624440836,10737500188,13429430050,17856393235,24615267617,22355151178,27129301048,33737033607,33296438409,38651334593,40377987315,36211372646,36089550672,38997129809,40225448651,37925338460,35432177936,39950899733,41722295362
Peru,GDP (current US$),15439408447,22499559086,26410386669,34341465998,35966302303,34832077221,44882079767,53312793687,55252414130,58147522523,55501467877,50187324568,51744749133,52030158775,54777553515,58731030122,66768703498,76060606061,88643193062,102170981144,120550599815,120822986521,147527631521,171761737047,192649991136,201175541637,200786240837,189802961890,191898127861,211007952316,222597030191,228325852221,201947603715,223717791483,242631549613
Philippines,GDP (current US$),43152128959,48513772977,50508286642,51784144315,60422329032,62036529910,73159337838,84644329825,94648084429,94106316501,74492416330,85640170315,83669788255,78921234458,84307346432,87039092439,95002000250,107419977968,127652927612,155980408073,181624627928,175974754208,208368892319,234216730704,261920542607,283902829721,297483553300,306445871632,318627003966,328480738147,346841896890,376823404773,361751145432,394087362017,404284327312
Poland,GDP (current US$),,,65977748211,85500934319,94337047233,96043157273,110803635288,142293761469,160193242090,159358194732,174685791564,170030647848,172220451787,190905493539,199070432431,217828661057,255107275407,306145913284,344626630395,429020755433,533599853343,439731636117,475696613936,524374222548,495230574357,515762008469,539080532037,477111287969,470024559638,524641206562,588779850763,596058473059,599442783603,679441900611,688176605955
Portugal,GDP (current US$),56347250696,60594092182,78713860217,89233599278,107592098307,95009751901,99688641304,118122007430,122630089680,117016535163,123946327916,127470385557,118605192877,121604107165,134795565549,165226175537,189382122532,197253876705,208756449276,240496147317,263416394624,244667762836,238113003233,245117990242,216224240578,226433858006,229901964222,199394066525,206426152309,221357874719,242313116578,239986922639,229031860521,253982847571,251945377529
Qatar,GDP (current US$),6038187033,6487912088,7360439423,6883516484,7646153984,7156593654,7374450769,8137911978,9059340385,11297802115,10255495027,12393131868,17759890110,17538461538,19363736264,23533791209,31734065934,44530494505,60882142857,79712087912,115270054945,97798351648,125122306346,167775268626,186833502363,198727642967,206224598571,161739955577,151732181868,161099122225,183334953819,176371267689,144411363345,179677131707,237295575171
Romania,GDP (current US$),40424526826,41450779109,38244330108,28851673545,25121666667,26361131547,30072880812,37430238806,36937074278,35575197535,41696111548,35953162616,37253738081,40395114265,46065502703,57806382692,74973660681,98454374488,122023721513,174588782939,214317174117,174102268535,170029359011,192613558646,179132893143,189789277576,199713780259,177883897811,185287615325,210147181055,243316050521,251017797625,251362534092,285404683025,301261582924
Russian Federation,GDP (current US$),554713455150,506500173960,516814274022,517962962963,460290556901,435083713851,395077301248,395537185735,391724890744,404928954192,270955486862,195907128351,259710142197,306602070621,345470494418,430347420195,591016690743,764015982496,989932059221,1299703459800,1660848058303,1222645887209,1524916698233,2045922727570,2208293528674,2292470104248,2059241582146,1363482179761,1276786344534,1574199355093,1657328764646,1693114993990,1493075887460,1836892075548,2240422438363
Rwanda,GDP (current US$),2395492695,2405022588,2550185693,1911600232,2029026957,1971525718,"753636370,5",1293535192,1382334879,1851558199,1989343548,2157024758,2068762707,1966548410,1965932546,2138185328,2376464520,2933765825,3319711249,4070391531,5179804291,5674428928,6124693374,6884907733,7654782979,7820052084,8239042500,8543869360,8695318854,9252833678,9636510839,10346675636,10172925172,11055281971,13312796765
Samoa,GDP (current US$),"133016065,4","122888609,7","125766269,8","125597205,4","132303041,4","133122897,2","221098106,5","224865731,4","249907893,8","285475620,9",269485285,"255408053,2","258856139,8","266299591,5",281790139,"333426144,5","407747521,1","476801793,2","499923757,8","573548459,8","641346191,7","628006115,4","680260919,9","744096948,5","773141695,1","797736265,9","796683672,8","824150487,2","843924750,7","884844419,8","878448439,5","912950619,4","868898350,4","843850777,8","832421565,4"
Sao Tome and Principe,GDP (current US$),,,,,,,,,,,,,,"75951131,95","85171073,88","102085765,5",114582282,"136450658,1","142775109,8","149146918,9","188021169,3","187821029,4","196652514,3","231489270,1","250680845,7","300554483,6","346528329,2","316066072,3",345495615,"375614126,2","412253809,7","427425039,7","472551023,6","526653790,7","546680341,6"
Saudi Arabia,GDP (current US$),88256162069,95344352824,117630261605,132223257866,137087867284,132967891655,135174876356,143343025756,158662377389,165963594804,146775428759,161717040000,189514910223,184137517725,189605920241,215807655244,258742263029,328459700124,376900135721,415964583059,519796738631,429097899279,528207298530,676634577273,741849984943,753864543430,766605946720,669484381329,665999879694,714994694992,846583785180,838564705625,734271183955,868585871465,1108148978218
Senegal,GDP (current US$),6418419393,6366039363,7390967362,7255210474,7769817847,7367986228,5034588199,6326342635,6559712162,6041478722,6505607914,6592834929,6013185004,6507824827,7006402325,8768721561,10076816661,11009033445,11697918245,13994218399,16853989611,16145867483,16121315902,17814283650,17660870396,18918667731,19797253445,17774766697,19040312331,20996562959,23116701540,23403995985,24530513059,27569136728,27684430244
"Serbia, FR(Serbia/Montenegro)",GDP (current US$),,,,,,,,16832598870,21818007449,25676488000,19457979423,19388663551,6875845987,12960546471,17120906918,22482365322,26141968161,27683225959,32482070360,43170990616,52194221469,45162894381,41819468692,49258136129,43309252921,48394239475,47062202241,39655949731,40692661657,44179075779,50640662859,51514242776,53356484764,63082021206,63501748652
Seychelles,GDP (current US$),"301985636,8","324333385,6","392163560,9","398307144,8","461409398,9","504230588,1","517570058,2","540733047,7","535250347,1","598967022,1","647287375,8","662838614,9","654212432,4","662064193,6","742134792,4","750847276,4","893012218,2","977899381,8",1081441349,1077308888,"979597364,9","851064318,8","981918002,9",1059249940,1089880668,1324915222,1387576414,1391427967,1458954110,1529773286,1587813245,1645090567,1183515398,1286687873,1588406479
Sierra Leone,GDP (current US$),1055081242,932978182,"649644812,6","780098205,2","679997997,6","768812334,8","911915970,7","870758739,4","941742152,7","850218033,6","672375927,3","669384768,9","635874002,2",1074851475,1236235827,1369685677,1430217081,1627058706,1862116165,2126679686,2451896682,2419014960,2578159480,2932274242,3789251962,4920343203,5015180836,4252029354,3862721205,3719443318,4085114542,4076578654,4062906364,4249234574,3970343852
Singapore,GDP (current US$),25371462488,30465364739,36144336769,45466164978,52131330700,60603821967,73688716391,87812540788,96293097895,100123798454,85728224856,86286866724,96076521349,89793815728,92538355643,97646382413,115033570415,127807810334,148627255182,180941741378,193617346347,194150322022,239807921966,279356526366,295092839975,307576360585,314863580758,307998545269,319029973659,343272878686,376869585632,376837488317,348392174864,423796995373,466788539652
Slovak Republic,GDP (current US$),,,12747380650,14272201755,15495514297,16520676974,20162936291,25840146405,27925036755,27706028096,29856000671,30463670124,29242558797,30778781607,35297794386,46919965224,57437444469,62808723477,70767338922,86563986799,100879902985,89399303222,91162836320,99922685425,94623731086,98935222175,101437045020,88900883131,89952699525,95649966261,106137924016,105710052465,106728917483,118656591909,115468803972
Slovenia,GDP (current US$),,,,,,,,21352224019,21507232649,20763101741,22146231968,22711384311,20289627637,20876309970,23489890274,29634713641,34414784504,36206395971,39481045038,48067401207,55779427740,50567734886,48208240226,51583869785,46577793184,48415657265,49997186439,43107506024,44766722791,48589100043,54177882426,54331588482,53706800044,61748586535,62117768015
Solomon Islands,GDP (current US$),"176494422,1","172882435,8","214877638,4","227540473,3","269034595,8","300746329,7","402836964,5","469443201,5","510586382,5","526554053,2","457579824,4",488024548,419842688,"409508556,6","346406733,6","417668997,4","468005324,5","552864568,4","617258127,2","695295347,6","776337725,2","805557595,9","898133646,6",1063895357,1185283422,1285911569,1335571357,1307909891,1379490315,1469789050,1615478421,1619154958,1536145831,1580303517,1595710784
South Africa,GDP (current US$),103976854738,108055603482,126048148261,135203698238,146956142399,147194766334,153512697971,171735933897,163234919053,168978069551,152982979945,151516952945,151752749926,135429908544,129087560695,197018960968,255806928395,288867202055,303858667885,333077117254,316131245861,329754054489,417363825016,458199486481,434400545086,400886013596,381198869776,346709790459,323585509674,381448814653,404158882459,388531226582,337619569571,419015636065,405869718462
Spain,GDP (current US$),376160409941,414757056922,536558591250,577166174540,630916018203,525075636031,530562634455,614609020550,642588992513,590077272727,619214834614,634907542858,598363313495,627830029412,708756677089,907491523174,1069055675274,1153715822718,1260398977832,1474002579820,1631863493552,1491472923707,1422108199783,1480710495710,1324750738725,1355579535913,1371820537889,1196156971280,1233554967012,1313245330198,1421702715218,1394320055129,1276962685648,1427380681295,1397509272054
Sri Lanka,GDP (current US$),6978371581,6987267684,8032551173,9000362582,9703011636,10338679636,11717604209,13029697561,13897738375,15091913884,15794972847,15656327860,16330814180,15749753805,16536535647,18881765437,20662525941,24405791045,28279802451,32350238663,40713826321,42066223971,58636160849,67753284135,70447217164,77000578207,82528535573,85140955517,88012281910,94376237832,94493871351,89014978319,84440535699,88496535599,74403578363
St. Kitts and Nevis,GDP (current US$),"172692592,6","192518518,5","217259259,3","220540740,7",242137037,"263755555,6","295159259,3","313485185,2","333944444,4",374641308,"383257331,4","406595484,4","421695769,8",458643829,"481077373,7","469869869,9",506900000,"547203703,7","644414814,8","689285185,2","777691333,3","774273111,1","778718518,5","836092592,6","825381481,5","874896296,3","953170370,4",957037037,1008100000,1058944444,1076922222,1107844444,"884522222,2","860844444,4","961563259,3"
St. Lucia,GDP (current US$),"429629629,6","486666666,7","579629629,6","613703703,7","674074074,1","684814814,8","713703703,7",762962963,"788888888,9","805925925,9","877407407,4","921851851,9","932592592,6","892592592,6",900000000,"987407407,4",1066666667,1135555556,1268319185,1336088815,1437731111,1401507889,1482370370,1568370370,1598222222,1660222222,1749296296,1807222222,1865444444,1996703704,2057074074,2094185185,1516000000,1691259259,2065027556
St. Vincent and the Grenadines,GDP (current US$),"200726712,6","214745002,2","240366666,7","254829629,6","277955555,6","286307407,4",289437037,"316007407,4","331488888,9","347770370,4","373618518,5","390718518,5",427946037,"462072333,3","487763851,9","509090888,9","549900185,2","579948925,9","643501148,1","713596666,7","732663259,3","714300259,3","720447888,9","713796370,4","730032592,6","764781259,3","770901436,4","786554580,8","814302267,1","844039068,8","884328180,5","910765709,8","869111852,8","872226063,7","948558503,1"
Suriname,GDP (current US$),1161000000,542600000,388400000,448100000,404600000,"428764705,9","605492537,3","691590497,7","861372046,5",926422500,1110850000,"886290697,7","947671969,7","834279357,8",1093574468,1274190311,1484092538,1793410617,2626380435,2936612022,3532969035,3875409836,4368371528,4422276622,4980000000,5145757576,5240606061,5126238146,3317421500,3591679371,3996198760,4016040575,2911807496,2984706244,3620655116
Sweden,GDP (current US$),206988363595,217949132623,261846636897,274230545848,284319488252,212952606992,229034457106,267307061910,291745732991,268146349551,270810151170,274071242575,262834187367,242395011587,266848422378,334337040047,385118743610,392218701193,423090618043,491254769729,517706214656,436535921119,495812558843,574094112973,552483727283,586841821797,581964017237,505103781350,515654671470,541018749769,555455371487,533879529188,547054174236,636856236396,585939170124
Switzerland,GDP (current US$),215540625299,208102666687,265771545360,268903256528,279917776400,272234456388,301376707849,352845006670,340101207919,294785659877,303456228792,297882566712,279209007353,286580125206,309299934076,362088305989,403914244452,418292704114,441619409123,490754683815,567273005013,554191679309,598851028907,715888126682,686420221558,706234937371,726537808338,694118186380,687895460903,695200833086,725562534364,721369112727,739913619797,800640155387,807706035352
Syrian Arab Republic,GDP (current US$),16574342984,18609532294,23904498886,27756258352,33107349666,36860133630,45086948775,50866369710,61546280624,66420400891,70418173719,72970334076,80590022272,86771314031,90558485523,95693808463,112863340757,134203830735,153799910913,180030111359,218089977728,224561692650,252518218263,67539427671,43190317725,21361254648,21502061462,16468399180,12598742887,16369724433,21496337968,22600896352,11159274040,,
Tajikistan,GDP (current US$),,,2629395066,2534720480,1909246641,1646693642,1522018436,1231567145,1043654822,"921517486,7",1320199582,1086612583,"860541842,3",1080772703,1221106073,1555318431,2076176636,2312352268,2830213563,3719524181,5161299725,4979471964,5642221529,6522755783,7633036366,8448410727,9112606075,8271431932,6992416097,7536403147,7765000282,8300813890,8133963813,8937805347,10492123388
Tanzania,GDP (current US$),5100405344,4420167589,4258742899,4956587902,4601413521,4257702021,4510847189,5255221044,6496195824,7683852497,12270448546,12711213451,13375976354,13581644246,14142035080,15224257698,16675948415,18399046025,18649590248,21843529025,27961527623,29081826159,32014247548,34657141721,39650522646,45680532614,49964825081,47378603784,49774004999,53275968095,57003686049,61026765850,66068737757,70655628141,75709289056
Thailand,GDP (current US$),61667254411,72250747142,85343189321,98234713408,111452745856,128889262555,146683779609,169278918603,183035238433,150180454390,113675595413,126669212337,126392223203,120296476180,134300903358,152280616469,172895685509,189318407488,221758294725,262942624565,291382985569,281710629173,341104766329,370818735570,397558329542,420333659153,407339036017,401296242134,413366345844,456356812775,506754212433,543976695639,500457261548,505568057004,495340592811
Togo,GDP (current US$),1873745515,1838552523,2212905423,2177399825,2300598696,1676225629,1335309430,1779348593,1991429218,2036956851,2157078792,2142574541,2027363117,2014516701,2319268823,2875255593,3071152629,3100356552,3195618966,3618281293,4516616224,4592147228,4660369658,5262368232,5263522037,5872790935,6217047649,5681469374,6031632015,6395472028,7029217932,6992656429,7389329393,8334047486,8126439481
Tonga,GDP (current US$),"106657267,4",106344855,"113563821,6","132201141,4","137066290,6","138489884,4","195990986,2","208871665,7","222100576,3","214991452,3","191504892,8","199208752,5","204848436,6","181117272,4","182764299,9","202246621,2","230657579,1","261803692,1","292230634,2","298519087,7","344436494,4","312377751,1","366832186,5","414533045,1","470705334,8","450650718,2","439877675,7","437003006,7","420548768,1","460374252,2","488906860,9","512053639,8","484796858,8","469228124,2",
Trinidad and Tobago,GDP (current US$),4496910569,4323058824,5068000000,5307905882,5439552941,4669491425,4947181506,5329217897,5759570496,5737771217,6043687133,6808982521,8154342548,8824849663,9008297748,11305459802,13280292692,15982388173,18369361094,21641620050,27871587350,19172165226,22157919434,25433008605,27121712419,28557451150,29489012807,26851970249,23496215881,23797686962,24322359037,23849557811,21059428846,24460196270,27899082337
Tunisia,GDP (current US$),10096243801,10101853518,12290568182,13074782609,15496702220,14608340459,15633171728,18030876599,19587155099,20746204101,21802893587,22943202175,21473522939,22065840117,23141611179,27453895159,31183893587,32272178404,34376664601,38915343743,44859452038,43455740497,46206091938,48123314430,47311411910,48685436425,50271812921,45779494042,44360065797,42163530591,42686509836,41905637659,42538462678,46687298709,46664948952
Turkey,GDP (current US$),90853080152,107143390750,150676194827,151041399039,159094972322,180421862248,130651877908,169319354340,181464650312,189878399895,275941726172,256395983758,274294842523,201753110089,240249005455,314595528425,408865358517,506314676837,557075996577,681321173796,770449308781,649289418603,776967457764,838785514059,880555912746,957798998031,938934430071,864313960482,869682954136,858988578710,778476714088,759934804372,720288811762,819034484303,905987824096
Turkmenistan,GDP (current US$),3010982414,3006988217,3189539641,3208098919,3200539816,3179225949,2561118608,2482228440,2378759975,2450349634,2605688065,2450564468,2904662605,3534771969,4462028989,5977440583,6838351088,8103901996,10276674365,12664165103,19271523179,20214385965,22583157895,29233333333,35164210526,39197543860,43524210526,35799714286,36169428571,37926285714,40765428571,44220285714,45610571429,,
Turks and Caicos Isl.,GDP (current US$),,,,,,,,,,,,,,358744800,366707900,409753600,485598800,578645800,721891500,773489700,862683600,703175800,686787800,728789600,727161000,754238000,841070000,942070000,1032452000,1022365000,1113178000,1197415000,924583000,1044778790,1138808881
Tuvalu,GDP (current US$),,,"8824746,238","9365488,115","9742603,634","9631024,916","10887216,91","11025679,51","12335200,16","12701093,97","12757405,79","13687141,11","15073978,45","13964728,72","16842677,17","19456335,93","22798266,6","22909973,98","24096867,47","28450156,79","31874425,95","28076988,13","32105394,15","39196949,34","39345578,22","38615887,03","38760972,42","36811928,82","41629064,97",45276606,"48015219,95","54123195,27","51746568,7","60196366,81","60349391,1"
Uganda,GDP (current US$),6508931652,5276480790,4304399315,3321729158,2857457761,3220439044,3990430447,5755818845,6044585327,6269333313,6584815847,5998563258,6193246837,5840503869,6178563591,6606884274,7939487548,9239221760,9977647685,11902564497,14440404137,25127805566,26673441432,27871725245,27305915908,28915786520,32612397253,32387183733,29203988697,30744473840,32927025621,35348155092,37605430214,40510241366,45559202049
Ukraine,GDP (current US$),74703517903,82709161099,81393558423,77350733982,73945908384,65648559903,52549553403,48213867647,44558841762,50151522612,41882529045,31580642102,32375081951,39309580983,43956163612,52010352502,67220154164,89238865119,111884752475,148733861386,188110375779,121552148244,141209163013,169333838744,182591746211,190498811460,133503867182,91030968761,93355868978,112090503817,130891086690,153883045525,156617719786,199765856765,160502739236
United Arab Emirates,GDP (current US$),36275674203,41464995914,50701443748,51552165622,54239171888,55625170253,59305093980,65743666576,73571233996,78839008445,75674336283,84445473111,104337372362,103311640572,109816201498,124346358067,147824370320,180617467965,222116541865,257916133424,315474615739,253547358747,289787452662,350666058380,384610125391,400218529748,414105366753,370275469571,369255326236,390516804030,427049432158,417989721743,349473015330,415021590688,507534921715
United Kingdom,GDP (current US$),910171030658,926926143222,1093213710428,1142766274398,1179713014952,1061457883634,1140443311075,1346252041210,1421711933486,1561715127635,1654996607708,1689407711357,1666048767080,1648765214387,1785781372554,2056704586737,2423047347028,2544813166101,2709978165671,3092996468387,2931683721187,2417565709974,2491397494468,2666403005061,2706340967031,2786315215250,3065223279584,2934857946213,2699659680997,2683488510504,2878152147316,2857057847953,2704609160088,3122480345925,3070667732359
United States,GDP (current US$),5236438000000,5641580000000,5963144000000,6158129000000,6520327000000,6858559000000,7287236000000,7639749000000,8073122000000,8577554457000,9062818202000,9631174489000,10250947997000,10581929774000,10929112955000,11456442041000,12217193198000,13039199193000,13815586948000,14474226905000,14769857911000,14478064934000,15048964444000,15599728123000,16253972230000,16843190993000,17550680174000,18206020741000,18695110842000,19477336549000,20533057312000,21380976119000,21060473613000,23315080560000,25462700000000
Uruguay,GDP (current US$),8213526914,8438946948,9298806525,11206174800,12878150210,15002138240,17474590051,19297663097,20515457256,23969738388,25385887786,23983945191,22823271521,20898762265,13606515936,12045638210,13686329890,17362857684,19741420467,23797773024,31119603034,32708318594,41950361212,50342405198,54232266359,61337620936,61496186974,57680328702,57480788380,65006047680,65203071111,62048585619,53666908480,61412268249,71177146197
Uzbekistan,GDP (current US$),,,13360607991,13677622222,12941297376,13099013836,12899156991,13350468917,13948892216,14744603774,14988971211,17078465982,13760513969,11401421329,9687788513,10134453435,12030023548,14307509839,17330833853,22311393928,29549438884,33689223673,49765676402,60178909297,67517349212,73180037913,80845385816,86196264742,86138288633,62081322741,52870108218,60283503705,60224701296,69600614989,80391853885
Vanuatu,GDP (current US$),"158351368,4","154013202,1","168879207,2","201334169,1","209088824,6","200491853,2","233701301,5","249333250,1","261370044,5","272771209,1","262293410,7","268006972,7","272014627,2","257926881,7","262596534,9","314471413,9","364996869,1","394962431,8","439358585,2","516392922,5","590748431,3","592622317,3","670712977,4","770153591,1","747839697,7","758304466,2","772315986,5","730870805,2","780889605,9",880061831,"914736985,4","936526267,6","909421043,5","971636097,9","983582864,6"
Venezuela,GDP (current US$),60226413793,43536709104,48606952195,53453444787,60416519620,60037460783,58418666667,77389487772,70543211119,85837678559,91336763256,97972842462,117146466003,122911036746,92893587734,83620628582,112451400423,145513489652,183477522124,230364012576,315953388511,329787628928,393192354511,316482190800,381286237848,371005379787,482359318768,,,,,,,,
Vietnam,GDP (current US$),25423812649,6293304975,6471740806,9613369520,9866990236,13180953598,16286433533,20736164459,24657470575,26843700442,27209602050,28683659007,31172518403,32685198809,35064105501,39552513231,45427854693,57633255739,66371664817,77414425532,99130304099,106014659563,147201164066,172595034069,195590647206,213708830777,233451484774,239258340826,257096001174,281353626107,310106472643,334365257920,346615750167,366137590718,408802379068
Yemen,GDP (current US$),,,5647119229,5930370370,6463649985,5368270615,4167356037,4258788725,5785685311,6838557384,6325141676,7641102523,9652436180,9861560095,10694628092,11777966673,13872791659,16746347681,19061978586,21650532264,26910855852,25130278254,30906749533,32726417878,35401323350,40415233436,43228585321,42444489461,31317824906,26842231205,21606161066,,,,
Zambia,GDP (current US$),3728878149,3994673161,3285217391,3376806697,3181921788,3273507754,3656808233,3806982679,3597220962,4303290117,3537741625,3404284653,3600631919,4094441301,4193850445,4901869716,6221109716,8331870169,12756858899,14056957976,17910858638,15328342304,20265559484,23459515276,25503060420,28037239463,27141023558,21251216799,20958412538,25873601261,26311506435,23308667781,18110638619,22147649569,29784454056
Zimbabwe,GDP (current US$),7814784100,8286322700,8783816700,8641481700,6751472200,6563813300,6890675000,7111270700,8553146600,8529571600,6401968200,6858013100,6689957600,6777384700,6342116400,5727591800,5805598400,5755215200,5443896500,5291950100,4415702800,9665793300,12041655200,14101920300,17114849900,19091020000,19495519600,19963120600,20548678100,17584890937,34156069918,21832234926,21509698406,28371238666,20678055598